{
    "pagination": {
        "next_url": "http://localhost:8000/publicapi/v1/users/4/media/recent?q=iphone&lat=37.771&access_token=DEBUG&lng=-122.221&max_id=3382522&count=1",
        "next_max_id": 3382522
    },
    "meta": {
        "code": 200
    },
    "data": [
        {
            "type": "image",
            "tags": [],
            "location": {
                "latitude": 37.781109999999998,
                "id": null,
                "longitude": -122.3947,
                "name": null
            },
            "comments": {
                "count": 1,
                "data": [
                    {
                        "created_time": "1296713291",
                        "text": "Earear",
                        "from": {
                            "username": "mikeyk",
                            "first_name": "Mike",
                            "last_name": "Krieger!!",
                            "type": "user",
                            "id": "4"
                        },
                        "id": "2611728"
                    }
                ]
            },
            "caption": {
                "created_time": "1296713291",
                "text": "Earear",
                "from": {
                    "username": "mikeyk",
                    "first_name": "Mike",
                    "last_name": "Krieger!!",
                    "type": "user",
                    "id": "4"
                },
                "id": "2611728"
            },
            "link": "http://localhost:8000/p/M5z6/",
            "likes": {
                "count": 0
            },
            "created_time": "1296713289",
            "images": {
                "low_resolution": {
                    "url": "http://distillery-dev.s3.amazonaws.com/media/2011/02/02/1ce5f3f490a640ca9068e6000c91adc5_6.jpg",
                    "width": 480,
                    "height": 480
                },
                "thumbnail": {
                    "url": "http://distillery-dev.s3.amazonaws.com/media/2011/02/02/1ce5f3f490a640ca9068e6000c91adc5_5.jpg",
                    "width": 150,
                    "height": 150
                },
                "standard_resolution": {
                    "url": "http://distillery-dev.s3.amazonaws.com/media/2011/02/02/1ce5f3f490a640ca9068e6000c91adc5_7.jpg",
                    "width": 612,
                    "height": 612
                }
            },
            "user_has_liked": false,
            "id": "3382522",
            "user": {
                "username": "mikeyk",
                "profile_picture": "http://distillery.s3.amazonaws.com/profiles/profile_4_75sq_1292324747_debug.jpg",
                "id": "4"
            }
        }
    ]
}